<?xml version="1.0"?>
<ruleset name="Site Kit by Google Project Rules">

	<rule ref="WordPress-VIP-Go" />

	<rule ref="WordPress-Core">
		<exclude name="WordPress.PHP.DisallowShortTernary" />
		<!-- Prevent this from showing up as a warning on every run. See WordPress/WordPress-Coding-Standards#1425 -->
		<exclude name="WordPress.WP.TimezoneChange.DeprecatedSniff"/>
	</rule>

	<rule ref="WordPress-Docs">
		<exclude-pattern>tests/*</exclude-pattern>
	</rule>

	<rule ref="WordPress-Extra">
		<!-- Forget about file names -->
		<exclude name="WordPress.Files.FileName"/>
	</rule>

	<!-- Use correct textdomain -->
	<rule ref="WordPress.WP.I18n">
		<properties>
			<property name="text_domain" value="google-site-kit" />
		</properties>
	</rule>

	<!-- Show details about violated sniffs -->
	<arg value="s"/>

	<!-- Iterate over all PHP files by default -->
	<arg name="extensions" value="php"/>
	<file>.</file>

	<!-- Rule specific exclusions -->
	<rule ref="WordPress.DB.DirectDatabaseQuery">
		<exclude-pattern>tests/*</exclude-pattern>
	</rule>
	<rule ref="WordPress.DB.SlowDBQuery">
		<exclude-pattern>tests/*</exclude-pattern>
	</rule>
	<rule ref="WordPress.NamingConventions">
		<exclude-pattern>tests/*</exclude-pattern>
	</rule>
	<rule ref="WordPress.Security.EscapeOutput">
		<exclude-pattern>tests/*</exclude-pattern>
	</rule>
	<rule ref="WordPress.Security.NonceVerification">
		<exclude-pattern>tests/*</exclude-pattern>
	</rule>
	<rule ref="WordPress.Security.ValidatedSanitizedInput">
		<exclude-pattern>tests/*</exclude-pattern>
	</rule>
	<rule ref="WordPress.WP.AlternativeFunctions">
		<exclude-pattern>tests/*</exclude-pattern>
	</rule>
	<rule ref="WordPress.WP.GlobalVariablesOverride">
		<exclude-pattern>tests/*</exclude-pattern>
	</rule>
	<rule ref="WordPressVIPMinimum.Functions.RestrictedFunctions">
		<exclude-pattern>tests/*</exclude-pattern>
	</rule>
	<rule ref="WordPressVIPMinimum.Variables.RestrictedVariables">
		<exclude-pattern>tests/*</exclude-pattern>
	</rule>

	<!-- Third-party code -->
	<exclude-pattern>node_modules/*</exclude-pattern>
	<exclude-pattern>third-party/*</exclude-pattern>
	<exclude-pattern>*/vendor/*</exclude-pattern>

	<!-- Check for cross-version support for PHP 5.6 and higher. -->
	<config name="testVersion" value="5.6-"/>
	<config name="minimum_supported_wp_version" value="4.7"/>
	<rule ref="PHPCompatibilityWP" />

</ruleset>
